{
    "@class": "com.kony.gen.viz.model.component.KVizImage2",
    "DNDConfig": null,
    "__parentReadjusting__": false,
    "_base64_": null,
    "_height_": {
        "type": "string",
        "value": "75dp"
    },
    "_left_": {
        "type": "string",
        "value": "223dp"
    },
    "_margin_": [
        0,
        0,
        0,
        0
    ],
    "_padding_": [
        0,
        0,
        0,
        0
    ],
    "_skin_": "sbab2381f6444864b3d1065b553ff28d",
    "_src_": "imagedrag.png",
    "_top_": {
        "type": "string",
        "value": "19dp"
    },
    "_width_": {
        "type": "string",
        "value": "120dp"
    },
    "canUpdateUI": true,
    "containerId": true,
    "containerweight": 100,
    "context": {
        "channel": "mobile",
        "platform": "iphone",
        "templateType": "segments",
        "topLevelBox": null
    },
    "id": "Image038a3bdc39a1d4e",
    "imagescalemode": 1,
    "info": null,
    "isvisible": true,
    "kuid": "411fea23b09f4618a0c2ee6573d9c134",
    "name": "kony.ui.Image2",
    "parent": "flexAnimate",
    "pf": "Temp08c6c6eb5d60f4a",
    "srcType": 1,
    "wType": "Image",
    "widgetalignment": 5,
    "zindex": 1
}