{
    "AS_Button_83b5529a3b7e435db1c3b8eac81d2770": {
        "id": "AS_Button_83b5529a3b7e435db1c3b8eac81d2770",
        "type": "ACTION_SEQUENCE",
        "params": [{
            "datatype": "collection",
            "name": "eventobject"
        }, {
            "datatype": "collection",
            "name": "context"
        }],
        "contextObj": {
            "name": "Temp08c6c6eb5d60f4a",
            "type": "templates",
            "platform": "",
            "KUID": "a412ef27ce774f7fa03ff3418a5e6442"
        },
        "actions": [{
            "id": "INVOKE_FUNCTION___639dcc83a29c446498ef3cc8aa5c9f54",
            "type": "INVOKE_FUNCTION",
            "sequenceKUID": "cancelDeleteOld",
            "display": "cancelDeleteOld",
            "inputparams": [],
            "parentId": null,
            "callbackType": null
        }]
    }
}