{
    "AS_Form_6b0745cda92c4eb7ab80a9990ce86c37": {
        "id": "AS_Form_6b0745cda92c4eb7ab80a9990ce86c37",
        "type": "ACTION_SEQUENCE",
        "params": [{
            "datatype": "collection",
            "name": "eventobject"
        }],
        "contextObj": {
            "name": "MailForm",
            "type": "forms",
            "platform": "",
            "KUID": "e24b3283ca99448bb46fbf5708912e53"
        },
        "actions": [{
            "id": "ADD_SNIPPET__4ef2dca1d8f94694ac53df647da343db",
            "type": "ADD_SNIPPET",
            "codeSnippet": "",
            "parentId": null,
            "callbackType": null
        }]
    }
}