{
    "AS_Form_2ea67c959528482596fa8722a2971692": {
        "id": "AS_Form_2ea67c959528482596fa8722a2971692",
        "type": "ACTION_SEQUENCE",
        "params": [{
            "datatype": "collection",
            "name": "eventobject"
        }],
        "contextObj": {
            "name": "MailForm",
            "type": "forms",
            "platform": null,
            "KUID": "e24b3283ca99448bb46fbf5708912e53"
        },
        "actions": [{
            "id": "INVOKE_FUNCTION___846d7484bd584d95af96f7b4141b897b",
            "type": "INVOKE_FUNCTION",
            "sequenceKUID": "GestueHandlerfrm2",
            "display": "GestueHandlerfrm2",
            "inputparams": [],
            "parentId": null,
            "callbackType": null
        }]
    }
}