<?xml version="1.0" encoding="UTF-8" standalone="yes"?>
<plugins>
    <pluginInfo version-no="7.0.7.StudioVizQABeta3_v201602151611_r10" plugin-id="com.pat.tool.keditor.KEditorPlugin" plugin-name="Kony Studio"/>
    <pluginInfo version-no="7.0.6.StudioVizQABeta2_v201512212100_r4" plugin-name="Third Party Jars Plug-in"/>
    <pluginInfo version-no="7.0.6.StudioVizQABeta2_v201512212100_r4" plugin-id="com.pat.soapui.SoapUIPlugin" plugin-name="Soap UI Plugin"/>
    <pluginInfo version-no="7.0.7.StudioVizQABeta3_v201602031936_r6" plugin-name="Kony Codegenerator"/>
    <pluginInfo version-no="7.0.0.Beta1_v201511091541" plugin-id="com.kony.nativecodegen.NativeCodeGenPlugin" plugin-name="Nativecodegen"/>
    <pluginInfo version-no="7.0.6.StudioVizQABeta2_v201512212100_r4" plugin-name="Kony Studio Licensing"/>
    <pluginInfo version-no="7.0.0.QA_v201512302134_r9" plugin-id="com.kony.cloudmiddleware.Activator" plugin-name="CloudMiddlewarePlugin"/>
    <pluginInfo version-no="7.0.0.QA_v201512302134_r9" plugin-id="com.kony.cloudthirdparty.Activator" plugin-name="CloudThirdPartyPlugin"/>
    <pluginInfo version-no="7.0.7.StudioVizQABeta3_v201602151616_r10" plugin-id="com.viz.ide.VisualiserIDEPlugin" plugin-name="Visualizer Integration Plugin"/>
    <pluginInfo version-no="7.0.1.QA_v201511051842" plugin-id="com.kony.studio.cloud.StudioCloudPlugin" plugin-name="Kony Studio Cloud Integration"/>
    <pluginInfo version-no="7.0.0.Beta1_v201511091746" plugin-id="com.kony.studio.sky.SkyPlugin" plugin-name="Sky Data Explorer"/>
    <pluginInfo version-no="7.0.7.Beta3_v201602102045_r5" plugin-name="Kony Functional Preview Plugin"/>
    <pluginInfo version-no="7.0.7.StudioVizQABeta3_v201602151549_r10" plugin-id="com.kony.studio.viz.api.Activator" plugin-name="StudioViz API"/>
    <pluginInfo version-no="7.0.7.StudioVizQABeta3_v201602151549_r10" plugin-id="com.kony.studio.viz.chrome.api.Activator" plugin-name="StudioViz Chrome API"/>
    <pluginInfo version-no="7.0.7.StudioVizQABeta3_v201602151549_r10" plugin-id="com.kony.studio.viz.chrome.Activator" plugin-name="StudioViz Chrome"/>
    <pluginInfo version-no="7.0.7.StudioVizQABeta3_v201602151549_r10" plugin-id="com.kony.studio.viz.core.win64.Activator" plugin-name="StudioViz Core"/>
    <pluginInfo version-no="7.0.7.StudioVizQABeta3_v201602151549_r10" plugin-id="com.kony.studio.viz.nodejs.NodeJSPlugin" plugin-name="StudioViz NodeJS"/>
    <pluginInfo version-no="7.0.0.QA_v201602102004_r26" plugin-id="com.pat.android.Activator" plugin-name="Tablet Android"/>
    <pluginInfo version-no="7.0.0.QA_v201602101734_r6" plugin-id="com.kony.bb10.BB10Plugin" plugin-name="Kony Blackberry 10"/>
    <pluginInfo version-no="7.0.0.QA_v201602101809_r19" plugin-id="com.kony.windows.WindowsPhone8Plugin" plugin-name="Windows Phone 8 Plug-in"/>
    <pluginInfo version-no="7.0.0.QA_v201602101751_r19" plugin-id="com.kony.windows.Windows8Plugin" plugin-name="Windows 8.1 Plug-in"/>
    <pluginInfo version-no="7.0.0.QA_v201602101755_r19" plugin-id="com.kony.windows.Windows10Plugin" plugin-name="Windows 10 Plug-in"/>
    <pluginInfo version-no="7.0.0.QA_v201602102004_r26" plugin-id="com.pat.android.Activator" plugin-name="Android"/>
    <pluginInfo version-no="7.0.0.QA_v201602101804_r19" plugin-id="com.kony.windows.WinDesktopPlugin" plugin-name="Windows Desktop Plug-in"/>
    <pluginInfo version-no="7.0.0.QA_v201602101647_r14" plugin-name="SPA"/>
    <pluginInfo version-no="7.0.0.QA_v201602101856_r12" plugin-name="Desktop Web"/>
    <pluginInfo version-no="7.0.0.QA_v201602101932_r6" plugin-id="com.kony.web.Activator" plugin-name="Kony Web Commons"/>
    <pluginInfo version-no="7.0.5.QA_v201511031322" plugin-id="iosplugin.Activator" plugin-name="iOS Plugin"/>
    <pluginInfo version-no="7.0.0.QA_v201602081812_r26" plugin-id="com.kony.mobile.fabric.client.sdk.MBaasSDKPlugin" plugin-name="MobileFabric Client SDK"/>
</plugins>
