{"createdVizVersion":"7.0.0","watchos_longlooknotificationicon_42":"","wap_android240_fontsize":"12","mwaddrkey":"","watchos_notificationcentericon_38":"","createdgaversion":"7.0.0","wap_android640_fontsize":"12","winmobileguidkey":"","desktopwebbasefontsize":"12","watchos_shortlooknotificationicon_42":"","wap_spaandroidtab_fontsize":"12","apppackagekey":"","startupformkey":"MailForm","wap_bb440_fontsize":"12","wap_spaandroidtabldpi_fontsize":"12","isA11yConfigEnabled":false,"wap_android480_fontsize":"12","wap_spawindowstab_fontsize":"12","wap_winphone320_fontsize":"12","defaulttheme":"defaultTheme","watchos_longlooknotificationicon_38":"","watchos_notificationcentericon_42":"","enableactionbar":false,"appmenu":{"focusSkin":null,"tablet":{"data":[{"id":"appmenuitemid1","icon":{"default":"option1.png"},"title":"Item 1","android":{"showAsFlag":0},"kuid":"2dd31b50c81e4d6bb0894eda6c54f891","windows8":{"position":"BOTTOM_LEFT","appBarButtonStyle":"No Style"}},{"id":"appmenuitemid2","icon":{"default":"option2.png"},"title":"Item 2","android":{"showAsFlag":0},"kuid":"d6a35d29adfb463a82b7da992cf757ba","windows8":{"position":"BOTTOM_LEFT","appBarButtonStyle":"No Style"}},{"id":"appmenuitemid3","icon":{"default":"option3.png"},"title":"Item 3","android":{"showAsFlag":0},"kuid":"1ce5bf07e4754ec49b3fb7bc610c3e0d","windows8":{"position":"BOTTOM_LEFT","appBarButtonStyle":"No Style"}},{"id":"appmenuitemid4","icon":{"default":"option4.png"},"title":"Item 4","android":{"showAsFlag":0},"kuid":"ad8f9b83b98c4a969084cc5267385d6c","windows8":{"position":"BOTTOM_LEFT","appBarButtonStyle":"No Style"}}]},"osVersion":"iOS7","wType":"Appmenu","focusskin":null,"osPlatform":"","desktop":{"data":[{"id":"appmenuitemid1","icon":{"default":"option1.png"},"title":"Item 1","kuid":"9dec4773cd854d4fac50ba136bfd589d"},{"id":"appmenuitemid2","icon":{"default":"option2.png"},"title":"Item 2","kuid":"1ff3f7e253534bfabe3a33a321daf2dd"},{"id":"appmenuitemid3","icon":{"default":"option3.png"},"title":"Item 3","kuid":"35694083b0434d8181e002f7dadf8d83"},{"id":"appmenuitemid4","icon":{"default":"option4.png"},"title":"Item 4","kuid":"20b8a043fccb4d6190b411551ebee96d"}]},"skin":null,"mobile":{"data":[{"id":"appmenuitemid1","icon":{"default":"option1.png"},"title":"Item 1","kuid":"f0c9e2ae6ceb4adda35619d10f150b52","android":{"showAsFlag":0}},{"id":"appmenuitemid2","icon":{"default":"option2.png"},"title":"Item 2","kuid":"73480a9aa6b4429c9ccb978173cd263c","android":{"showAsFlag":0}},{"id":"appmenuitemid3","icon":{"default":"option3.png"},"title":"Item 3","kuid":"cef2d9ec7cbf4574987fb4811d3ce673","android":{"showAsFlag":0}},{"id":"appmenuitemid4","icon":{"default":"option4.png"},"title":"Item 4","kuid":"9185ab5214fc4a6290f2a07664232a6f","android":{"showAsFlag":0}}]}},"wap_android360_fontsize":"12","project.type":"js","appversionkey":"1.0.0","mwportkey":"","wap_bb400_fontsize":"12","isNewAppWithRespectToAndroidPackageName":"","build":"debug","wap_android320_fontsize":"12","statusBarHidden":"false","wap_winphone480_fontsize":"12","export.type":"studioviz","wap_bb240_fontsize":"12","wap_bb480_fontsize":"12","wap_spaandroidtabmdpi_fontsize":"12","wap_bb320_fontsize":"12","project_version":"sprint22","wap_android400_fontsize":"12","appaddrkey":"","wap_ip_fontsize":"12","watchos_shortlooknotificationicon_38":"","appidkey":"Pulltest","currentgaversion":"7.0.0","mwhttpsportkey":"","vendornamekey":"KonyLabs","konyVizVersion":"7.0.0","appnamekey":"Pulltest","APPLICATION_THEME":"default","wap_android440_fontsize":"12","wap_spaipad_fontsize":"12","wap_spaandroidtabhdpi_fontsize":"12","nativeContainerProperties":{"isModified":false,"isEnableJSContaineriOS":false,"isEnableJSContainerAndroid":false,"isEnableJSContainer":false},"wap_bb360_fontsize":"12"}