{
    "@class": "com.kony.gen.viz.model.component.KVizImage2",
    "DNDConfig": null,
    "__parentReadjusting__": false,
    "_base64_": null,
    "_height_": {
        "type": "string",
        "value": "24dp"
    },
    "_left_": {
        "type": "string",
        "value": "290dp"
    },
    "_margin_": [
        0,
        0,
        0,
        0
    ],
    "_padding_": [
        0,
        0,
        0,
        0
    ],
    "_skin_": "sbab2381f6444864b3d1065b553ff28d",
    "_src_": "imagedrag.png",
    "_top_": {
        "type": "string",
        "value": "62dp"
    },
    "_width_": {
        "type": "string",
        "value": "20dp"
    },
    "canUpdateUI": true,
    "containerId": true,
    "containerweight": 100,
    "context": {
        "channel": "mobile",
        "platform": "iphone",
        "templateType": "segments",
        "topLevelBox": null
    },
    "id": "Image02",
    "imagescalemode": 1,
    "info": null,
    "invokedProperty": "src",
    "isvisible": true,
    "kuid": "7330b4a90f2d47d7a4eab6ce5736d37f",
    "name": "kony.ui.Image2",
    "parent": "flexAnimate",
    "pf": "Temp01",
    "srcType": 1,
    "wType": "Image",
    "widgetalignment": 5,
    "zindex": 1
}