{
    "@class": "com.kony.gen.viz.model.component.KVizLabel",
    "DNDConfig": null,
    "__parentReadjusting__": false,
    "_height_": {
        "type": "string",
        "value": "20dp"
    },
    "_left_": {
        "type": "string",
        "value": "80dp"
    },
    "_margin_": [
        1,
        1,
        1,
        1
    ],
    "_padding_": [
        0,
        0,
        0,
        0
    ],
    "_skin_": "sf91a4b604d84914a771c3efd7575702",
    "_text_": "Label",
    "_top_": {
        "type": "string",
        "value": "45dp"
    },
    "_width_": {
        "type": "string",
        "value": "220dp"
    },
    "_wrapping_": 2,
    "android": {
        "textStyle": {
            "letterSpacing": 0,
            "strikeThrough": false
        }
    },
    "canUpdateUI": true,
    "containerId": true,
    "containerweight": 100,
    "contentalignment": 4,
    "id": "Label02",
    "info": null,
    "ipad": {
        "psp": {
            "wrapping": 2
        }
    },
    "iphone": {
        "psp": {
            "wrapping": 2
        }
    },
    "isvisible": true,
    "kuid": "7911010bdd504bee9c3f627567c688ed",
    "name": "kony.ui.Label",
    "parent": "flexAnimate",
    "pf": "Temp01",
    "tooltip": "",
    "wType": "Label",
    "zindex": 1
}