{
  "android": {
    "font_size": 129,
    "isForked": false
  },
  "background_color": "0a0a0aef",
  "bg_type": "one",
  "border_color": "424242ff",
  "border_radius": 30,
  "border_style": "custom",
  "border_type": 0,
  "border_width": 1,
  "desktopweb": {
    "font_size": 129,
    "isForked": false
  },
  "fontSizeInPx": false,
  "font_color": "e6e1e6ff",
  "font_name": "Helvetica",
  "font_size": 129,
  "font_style": "normal",
  "font_weight": "normal",
  "ipad": {
    "font_size": 129,
    "isForked": false
  },
  "iphone": {
    "font_size": 129,
    "isForked": false
  },
  "isDefaultSkin": false,
  "kiosk": {
    "font_size": 129,
    "isForked": false
  },
  "kuid": "scb7a6cdb1864377bc8bd18e664ec032",
  "spaan": {
    "font_size": 129,
    "isForked": false
  },
  "spaandroidtablet": {
    "font_size": 129,
    "isForked": false
  },
  "spabb": {
    "font_size": 129,
    "isForked": false
  },
  "spaip": {
    "font_size": 129,
    "isForked": false
  },
  "spaipad": {
    "font_size": 129,
    "isForked": false
  },
  "spawindowstablet": {
    "font_size": 129,
    "isForked": false
  },
  "spawinphone8": {
    "font_size": 129,
    "isForked": false
  },
  "tabrcandroid": {
    "font_size": 129,
    "isForked": false
  },
  "wType": "Label",
  "watchos": {
    "font_size": 129,
    "isForked": false
  },
  "windows8": {
    "font_size": 129,
    "isForked": false
  },
  "winphone8": {
    "font_size": 129,
    "isForked": false
  }
}