{
    "@class": "com.kony.gen.viz.model.component.KVizImage2",
    "DNDConfig": null,
    "__parentReadjusting__": false,
    "_base64_": null,
    "_height_": {
        "type": "string",
        "value": "30dp"
    },
    "_left_": {
        "type": "string",
        "value": "280dp"
    },
    "_margin_": [
        0,
        0,
        0,
        0
    ],
    "_padding_": [
        0,
        0,
        0,
        0
    ],
    "_skin_": "sbab2381f6444864b3d1065b553ff28d",
    "_src_": "zoomout.png",
    "_top_": {
        "type": "string",
        "value": "17dp"
    },
    "_width_": {
        "type": "string",
        "value": "33dp"
    },
    "canUpdateUI": true,
    "containerweight": 100,
    "context": {
        "channel": "mobile",
        "formID": "MailForm",
        "platform": "android",
        "templateType": "forms",
        "topLevelBox": null
    },
    "id": "Image0841e68ee9d974a",
    "imagescalemode": 1,
    "info": null,
    "isvisible": true,
    "kuid": "cdbf41dba74b490e8be9772481c7f7f2",
    "name": "kony.ui.Image2",
    "parent": "Header",
    "pf": "MailForm",
    "srcType": 1,
    "wType": "Image",
    "widgetalignment": 5,
    "zindex": 1
}