{
    "@class": "com.kony.gen.viz.model.component.KVizImage2",
    "DNDConfig": null,
    "__parentReadjusting__": false,
    "_base64_": null,
    "_height_": {
        "type": "string",
        "value": "61dp"
    },
    "_left_": {
        "type": "string",
        "value": "15dp"
    },
    "_margin_": [
        0,
        0,
        0,
        0
    ],
    "_padding_": [
        0,
        0,
        0,
        0
    ],
    "_skin_": "sbab2381f6444864b3d1065b553ff28d",
    "_src_": "imagedrag.png",
    "_top_": {
        "type": "string",
        "value": "22dp"
    },
    "_width_": {
        "type": "string",
        "value": "55dp"
    },
    "canUpdateUI": true,
    "containerId": true,
    "containerweight": 100,
    "context": {
        "channel": "mobile",
        "platform": "iphone",
        "templateType": "segments",
        "topLevelBox": null
    },
    "id": "Image01",
    "imagescalemode": 1,
    "info": null,
    "isvisible": true,
    "kuid": "464bee4367cc468fbccb4c77fb412c42",
    "name": "kony.ui.Image2",
    "parent": "flexAnimate",
    "pf": "Temp02",
    "srcType": 1,
    "wType": "Image",
    "widgetalignment": 5
}